timestamp,machine,run_id,mode,status,file_count,size_bytes,first_file_utc,last_file_utc,source_path
20260710_083903,nima,20260710_083903_smoke,smoke,unknown_or_partial,6,766854,2026-07-10T08:39:08.546425+00:00,2026-07-10T08:39:12.399994+00:00,C:\Users\Nima\PointCloudStreaming\logs\train_runs\20260710_083903_smoke
20260710_083943,nima,20260710_083943_full,full,unknown_or_partial,52,39593334,2026-07-10T09:04:52.054581+00:00,2026-07-10T15:11:51.807740+00:00,C:\Users\Nima\PointCloudStreaming\logs\train_runs\20260710_083943_full
20260711_073759,nima,20260711_073759_smoke,smoke,unknown_or_partial,10,1103318,2026-07-11T07:38:12.234033+00:00,2026-07-11T07:38:21.025563+00:00,C:\Users\Nima\PointCloudStreaming\logs\train_runs\20260711_073759_smoke
20260711_073843,nima,20260711_073843_full,full,unknown_or_partial,100,48999938,2026-07-11T07:40:56.054154+00:00,2026-07-11T10:59:37.907367+00:00,C:\Users\Nima\PointCloudStreaming\logs\train_runs\20260711_073843_full
20260711_130607,nima,20260711_130607_full,full,unknown_or_partial,68,31691114,2026-07-11T13:08:48.020699+00:00,2026-07-11T14:25:56.344038+00:00,C:\Users\Nima\PointCloudStreaming\logs\train_runs\20260711_130607_full
20260714_065805,nima,20260714_065805_full,full,unknown_or_partial,2,611612,2026-07-14T07:00:22.530133+00:00,2026-07-14T07:00:22.530133+00:00,C:\Users\Nima\PointCloudStreaming\logs\train_runs\20260714_065805_full
20260714_131016,nima,20260714_131016_full,full,unknown_or_partial,100,56625886,2026-07-14T13:22:01.333003+00:00,2026-07-14T21:27:54.872088+00:00,C:\Users\Nima\PointCloudStreaming\logs\train_runs\20260714_131016_full
20260718_122700,nima,20260718_122700_smoke,smoke,unknown_or_partial,8,933995,2026-07-18T12:27:12.352353+00:00,2026-07-18T12:27:19.897509+00:00,C:\Users\Nima\PointCloudStreaming\logs\train_runs\20260718_122700_smoke
20260718_122736,nima,20260718_122736_full,full,unknown_or_partial,76,58861033,2026-07-18T12:36:31.647920+00:00,2026-07-18T14:18:29.243455+00:00,C:\Users\Nima\PointCloudStreaming\logs\train_runs\20260718_122736_full
20260721_193635,mamtech,20260721_193635_smoke,smoke,unknown_or_partial,4,223566,2026-07-21T19:36:35.036237+00:00,2026-07-21T19:36:35.040217+00:00,C:\Users\Mamtech\PointCloudStreaming\.worktrees\startup-delay-sensitivity\logs\train_runs\20260721_193635_smoke
20260721_193854,mamtech,20260721_193854_smoke,smoke,failed_or_interrupted,7,230557,2026-07-21T19:38:54.828751+00:00,2026-07-21T19:39:09.456700+00:00,C:\Users\Mamtech\PointCloudStreaming\.worktrees\startup-delay-sensitivity\logs\train_runs\20260721_193854_smoke
20260721_195929,mamtech,20260721_195929_smoke,smoke,completed_with_evaluation,29,3254110,2026-07-21T19:59:29.878758+00:00,2026-07-21T19:59:59.964032+00:00,C:\Users\Mamtech\PointCloudStreaming\.worktrees\startup-delay-sensitivity\logs\train_runs\20260721_195929_smoke
20260721_203138,nima,20260721_203138_wide,wide,completed_with_evaluation,127,64356573,2026-07-21T20:31:38.932650+00:00,2026-07-21T20:52:17.309041+00:00,C:\Users\Nima\PointCloudStreaming\logs\train_runs\20260721_203138_wide
20260721_221816,mamtech,20260721_221816_smoke,smoke,completed_with_evaluation,29,3256159,2026-07-21T22:18:16.353235+00:00,2026-07-21T22:18:47.514796+00:00,C:\Users\Mamtech\PointCloudStreaming\.worktrees\startup-delay-sensitivity\logs\train_runs\20260721_221816_smoke
20260721_222523,nima,20260721_222523_wide,wide,training_completed_or_partial,126,61645040,2026-07-21T22:25:23.114635+00:00,2026-07-21T22:44:25.995521+00:00,C:\Users\Nima\PointCloudStreaming\logs\train_runs\20260721_222523_wide
